{
  "d_full": 4.146514892578125,
  "d_ablated": 0.7149810791015625,
  "delta_d": 3.4315338134765625,
  "top_ch": 2.0768139362335205,
  "K": 10,
  "top_layer": 9,
  "top_head": 6
}