{
  "d_orig": 4.146507263183594,
  "d_full": -1.455820083618164,
  "d_ablated": -1.4644432067871094,
  "delta_d": 0.008623123168945312,
  "top_cn": 0.11208446323871613,
  "sign_correct": true,
  "top_layer": 11,
  "top_feat": 15690
}