{
  "median_topk_jaccard": 0.3793103448275862,
  "mean_topk_jaccard": 0.3849371750026798,
  "min_topk_jaccard": 0.25,
  "max_topk_jaccard": 0.6666666666666666,
  "median_top1_jaccard": 0.0,
  "consensus_size": 37,
  "k": 20,
  "consensus_heads": [
    [
      1,
      2
    ],
    [
      1,
      3
    ],
    [
      1,
      5
    ],
    [
      2,
      8
    ],
    [
      2,
      11
    ],
    [
      4,
      7
    ],
    [
      5,
      10
    ],
    [
      6,
      4
    ],
    [
      6,
      6
    ],
    [
      6,
      7
    ],
    [
      7,
      3
    ],
    [
      7,
      8
    ],
    [
      7,
      9
    ],
    [
      8,
      2
    ],
    [
      8,
      3
    ],
    [
      8,
      5
    ],
    [
      8,
      8
    ],
    [
      8,
      9
    ],
    [
      8,
      10
    ],
    [
      9,
      0
    ],
    [
      9,
      2
    ],
    [
      9,
      4
    ],
    [
      9,
      6
    ],
    [
      9,
      7
    ],
    [
      9,
      8
    ],
    [
      9,
      9
    ],
    [
      10,
      0
    ],
    [
      10,
      1
    ],
    [
      10,
      6
    ],
    [
      10,
      9
    ],
    [
      10,
      10
    ],
    [
      11,
      1
    ],
    [
      11,
      2
    ],
    [
      11,
      3
    ],
    [
      11,
      4
    ],
    [
      11,
      6
    ],
    [
      11,
      9
    ]
  ]
}