{
  "median_topk_jaccard": 0.25,
  "mean_topk_jaccard": 0.2959507657215381,
  "min_topk_jaccard": 0.1111111111111111,
  "max_topk_jaccard": 0.7391304347826086,
  "median_top1_jaccard": 1.0,
  "consensus_size": 45,
  "k": 20,
  "consensus_features": [
    [
      11,
      15690
    ],
    [
      11,
      18390
    ],
    [
      11,
      17850
    ],
    [
      2,
      5607
    ],
    [
      9,
      10546
    ],
    [
      2,
      20019
    ],
    [
      0,
      23747
    ],
    [
      0,
      7312
    ],
    [
      2,
      4609
    ],
    [
      9,
      22194
    ],
    [
      2,
      3004
    ],
    [
      2,
      7388
    ],
    [
      11,
      21376
    ],
    [
      2,
      11775
    ],
    [
      2,
      22938
    ],
    [
      0,
      19786
    ],
    [
      11,
      21818
    ],
    [
      11,
      16723
    ],
    [
      11,
      11216
    ],
    [
      2,
      8339
    ],
    [
      2,
      11457
    ],
    [
      11,
      17879
    ],
    [
      11,
      12848
    ],
    [
      11,
      19871
    ],
    [
      11,
      12677
    ],
    [
      11,
      17903
    ],
    [
      11,
      9147
    ],
    [
      2,
      20716
    ],
    [
      2,
      14840
    ],
    [
      11,
      23263
    ],
    [
      2,
      15874
    ],
    [
      11,
      13372
    ],
    [
      11,
      2636
    ],
    [
      2,
      3173
    ],
    [
      2,
      11151
    ],
    [
      11,
      9424
    ],
    [
      11,
      13497
    ],
    [
      2,
      6901
    ],
    [
      2,
      24062
    ],
    [
      11,
      21255
    ],
    [
      2,
      18372
    ],
    [
      2,
      14772
    ],
    [
      11,
      20483
    ],
    [
      11,
      7642
    ],
    [
      11,
      16581
    ]
  ]
}