{
  "attr_faiths": [
    1.3217194200787377,
    1.1954294825841982,
    1.020296232808882,
    1.0086286435026004,
    1.4326870658430295
  ],
  "rand_faiths": [
    0.08526148571859127,
    -0.09752045075404828,
    0.31644981579980336,
    -0.06870432123295955,
    0.01167116500947049
  ],
  "mean_attr": 1.1957521689634896,
  "mean_rand": 0.049431538908171466,
  "gap": 1.1463206300553181,
  "S_size": 37
}