{
  "attr_faiths": [
    -0.06533117458051886,
    0.0023218385786378942,
    -0.12705975126911892,
    -0.0014774557632362656,
    0.01754786944078499
  ],
  "rand_faiths": [
    -0.0,
    -0.0,
    -0.0,
    -0.0,
    -0.0
  ],
  "mean_attr": -0.03479973471869023,
  "mean_rand": 0.0,
  "gap": -0.03479973471869023,
  "S_size": 45
}