{
  "cross_task_faiths": [
    0.15144650553282274,
    0.7059158134243458,
    0.2130335397077258,
    0.23703343402795557,
    0.25652036497554004
  ],
  "mean_faith": 0.31278993153367807,
  "S_size": 37
}