{
  "cross_task_faiths": [
    -0.002653098805764522,
    0.08072662165690626,
    0.006043498171935646,
    -0.02357172428068723,
    0.18010390184591576
  ],
  "mean_faith": 0.04812983971766118,
  "S_size": 45
}