{
  "attr_faiths": [
    1.3217194200787377,
    1.1954294825841982,
    1.020296232808882,
    1.0086286435026004,
    1.4326870658430295
  ],
  "mag_faiths": [
    1.103874304347735,
    0.9791589899571891,
    1.3514244455087923,
    1.06812205193773,
    0.9024322266406688
  ],
  "mean_attr": 1.1957521689634896,
  "mean_mag": 1.081002403678423,
  "gap": 0.11474976528506664
}