{
  "attr_faiths": [
    -0.06533117458051886,
    0.0023218385786378942,
    -0.12705975126911892,
    -0.0014774557632362656,
    0.01754786944078499
  ],
  "mag_faiths": [
    -0.035400989446900184,
    -0.06911537950153897,
    0.02968670423368217,
    -0.06112900796087929,
    -0.025591411892972333
  ],
  "mean_attr": -0.03479973471869023,
  "mean_mag": -0.03231001691372172,
  "gap": -0.002489717804968511
}