{
  "rho": 0.16692396357912684,
  "pval": 0.0012702350778309095,
  "n_pairs": 370,
  "predicted": [
    0.27573235758713316,
    0.2696985863149166,
    1.175663105079106,
    0.09187593311071396,
    0.3018606553475062,
    0.4008125464121501,
    0.12459537945687771,
    0.1443923736612002,
    0.2654673382639885,
    0.09784074686467648,
    0.11107200756669044,
    0.07564272731542587,
    0.09742103268702824,
    0.29396116733551025,
    0.170351873151958,
    0.10099455465873082,
    0.103365957736969,
    0.6639958322048187,
    0.07605678588151932,
    0.07244086638092995,
    0.09893812239170074,
    0.13234266390403113,
    0.16979580745100975,
    0.2279990456998348,
    0.11091818660497665,
    0.08427933696657419,
    0.1559710974494616,
    2.502534258365631,
    1.6956975311040878,
    0.33807999534266336,
    0.3793671429157257,
    0.46417116448283197,
    0.08294371888041496,
    0.2057003320919143,
    0.7224822998046875,
    0.11619085818529129,
    0.10919841378927231,
    0.27573235758713316,
    0.2696985863149166,
    1.175663105079106,
    0.09187593311071396,
    0.3018606553475062,
    0.4008125464121501,
    0.12459537945687771,
    0.1443923736612002,
    0.2654673382639885,
    0.09784074686467648,
    0.11107200756669044,
    0.07564272731542587,
    0.09742103268702824,
    0.29396116733551025,
    0.170351873151958,
    0.10099455465873082,
    0.103365957736969,
    0.6639958322048187,
    0.07605678588151932,
    0.07244086638092995,
    0.09893812239170074,
    0.13234266390403113,
    0.16979580745100975,
    0.2279990456998348,
    0.11091818660497665,
    0.08427933696657419,
    0.1559710974494616,
    2.502534258365631,
    1.6956975311040878,
    0.33807999534266336,
    0.3793671429157257,
    0.46417116448283197,
    0.08294371888041496,
    0.2057003320919143,
    0.7224822998046875,
    0.11619085818529129,
    0.10919841378927231,
    0.27573235758713316,
    0.2696985863149166,
    1.175663105079106,
    0.09187593311071396,
    0.3018606553475062,
    0.4008125464121501,
    0.12459537945687771,
    0.1443923736612002,
    0.2654673382639885,
    0.09784074686467648,
    0.11107200756669044,
    0.07564272731542587,
    0.09742103268702824,
    0.29396116733551025,
    0.170351873151958,
    0.10099455465873082,
    0.103365957736969,
    0.6639958322048187,
    0.07605678588151932,
    0.07244086638092995,
    0.09893812239170074,
    0.13234266390403113,
    0.16979580745100975,
    0.2279990456998348,
    0.11091818660497665,
    0.08427933696657419,
    0.1559710974494616,
    2.502534258365631,
    1.6956975311040878,
    0.33807999534266336,
    0.3793671429157257,
    0.46417116448283197,
    0.08294371888041496,
    0.2057003320919143,
    0.7224822998046875,
    0.11619085818529129,
    0.10919841378927231,
    0.27573235758713316,
    0.2696985863149166,
    1.175663105079106,
    0.09187593311071396,
    0.3018606553475062,
    0.4008125464121501,
    0.12459537945687771,
    0.1443923736612002,
    0.2654673382639885,
    0.09784074686467648,
    0.11107200756669044,
    0.07564272731542587,
    0.09742103268702824,
    0.29396116733551025,
    0.170351873151958,
    0.10099455465873082,
    0.103365957736969,
    0.6639958322048187,
    0.07605678588151932,
    0.07244086638092995,
    0.09893812239170074,
    0.13234266390403113,
    0.16979580745100975,
    0.2279990456998348,
    0.11091818660497665,
    0.08427933696657419,
    0.1559710974494616,
    2.502534258365631,
    1.6956975311040878,
    0.33807999534266336,
    0.3793671429157257,
    0.46417116448283197,
    0.08294371888041496,
    0.2057003320919143,
    0.7224822998046875,
    0.11619085818529129,
    0.10919841378927231,
    0.27573235758713316,
    0.2696985863149166,
    1.175663105079106,
    0.09187593311071396,
    0.3018606553475062,
    0.4008125464121501,
    0.12459537945687771,
    0.1443923736612002,
    0.2654673382639885,
    0.09784074686467648,
    0.11107200756669044,
    0.07564272731542587,
    0.09742103268702824,
    0.29396116733551025,
    0.170351873151958,
    0.10099455465873082,
    0.103365957736969,
    0.6639958322048187,
    0.07605678588151932,
    0.07244086638092995,
    0.09893812239170074,
    0.13234266390403113,
    0.16979580745100975,
    0.2279990456998348,
    0.11091818660497665,
    0.08427933696657419,
    0.1559710974494616,
    2.502534258365631,
    1.6956975311040878,
    0.33807999534266336,
    0.3793671429157257,
    0.46417116448283197,
    0.08294371888041496,
    0.2057003320919143,
    0.7224822998046875,
    0.11619085818529129,
    0.10919841378927231,
    0.27573235758713316,
    0.2696985863149166,
    1.175663105079106,
    0.09187593311071396,
    0.3018606553475062,
    0.4008125464121501,
    0.12459537945687771,
    0.1443923736612002,
    0.2654673382639885,
    0.09784074686467648,
    0.11107200756669044,
    0.07564272731542587,
    0.09742103268702824,
    0.29396116733551025,
    0.170351873151958,
    0.10099455465873082,
    0.103365957736969,
    0.6639958322048187,
    0.07605678588151932,
    0.07244086638092995,
    0.09893812239170074,
    0.13234266390403113,
    0.16979580745100975,
    0.2279990456998348,
    0.11091818660497665,
    0.08427933696657419,
    0.1559710974494616,
    2.502534258365631,
    1.6956975311040878,
    0.33807999534266336,
    0.3793671429157257,
    0.46417116448283197,
    0.08294371888041496,
    0.2057003320919143,
    0.7224822998046875,
    0.11619085818529129,
    0.10919841378927231,
    0.27573235758713316,
    0.2696985863149166,
    1.175663105079106,
    0.09187593311071396,
    0.3018606553475062,
    0.4008125464121501,
    0.12459537945687771,
    0.1443923736612002,
    0.2654673382639885,
    0.09784074686467648,
    0.11107200756669044,
    0.07564272731542587,
    0.09742103268702824,
    0.29396116733551025,
    0.170351873151958,
    0.10099455465873082,
    0.103365957736969,
    0.6639958322048187,
    0.07605678588151932,
    0.07244086638092995,
    0.09893812239170074,
    0.13234266390403113,
    0.16979580745100975,
    0.2279990456998348,
    0.11091818660497665,
    0.08427933696657419,
    0.1559710974494616,
    2.502534258365631,
    1.6956975311040878,
    0.33807999534266336,
    0.3793671429157257,
    0.46417116448283197,
    0.08294371888041496,
    0.2057003320919143,
    0.7224822998046875,
    0.11619085818529129,
    0.10919841378927231,
    0.27573235758713316,
    0.2696985863149166,
    1.175663105079106,
    0.09187593311071396,
    0.3018606553475062,
    0.4008125464121501,
    0.12459537945687771,
    0.1443923736612002,
    0.2654673382639885,
    0.09784074686467648,
    0.11107200756669044,
    0.07564272731542587,
    0.09742103268702824,
    0.29396116733551025,
    0.170351873151958,
    0.10099455465873082,
    0.103365957736969,
    0.6639958322048187,
    0.07605678588151932,
    0.07244086638092995,
    0.09893812239170074,
    0.13234266390403113,
    0.16979580745100975,
    0.2279990456998348,
    0.11091818660497665,
    0.08427933696657419,
    0.1559710974494616,
    2.502534258365631,
    1.6956975311040878,
    0.33807999534266336,
    0.3793671429157257,
    0.46417116448283197,
    0.08294371888041496,
    0.2057003320919143,
    0.7224822998046875,
    0.11619085818529129,
    0.10919841378927231,
    0.27573235758713316,
    0.2696985863149166,
    1.175663105079106,
    0.09187593311071396,
    0.3018606553475062,
    0.4008125464121501,
    0.12459537945687771,
    0.1443923736612002,
    0.2654673382639885,
    0.09784074686467648,
    0.11107200756669044,
    0.07564272731542587,
    0.09742103268702824,
    0.29396116733551025,
    0.170351873151958,
    0.10099455465873082,
    0.103365957736969,
    0.6639958322048187,
    0.07605678588151932,
    0.07244086638092995,
    0.09893812239170074,
    0.13234266390403113,
    0.16979580745100975,
    0.2279990456998348,
    0.11091818660497665,
    0.08427933696657419,
