{
  "rho": -0.01801272838989725,
  "pval": 0.7031469877304946,
  "n_pairs": 450,
  "predicted": [
    0.07829058254137636,
    0.016528136496032988,
    0.012460182420909405,
    0.01527792913839221,
    0.020836463198065758,
    0.00887297187000513,
    0.014864337164908648,
    0.011923968326300383,
    0.019173214212059975,
    0.021463333629071712,
    0.016999871004372835,
    0.018686125054955482,
    0.017766935750842094,
    0.02386207226663828,
    0.0219076881185174,
    0.014928183052688837,
    0.032450155687651465,
    0.023533407133072615,
    0.02223213917265336,
    0.026105152443051338,
    0.0222777696326375,
    0.015851474832743406,
    0.042507377453148365,
    0.02514347791050871,
    0.026139937474259307,
    0.013232756638899446,
    0.013044899329543114,
    0.01733007002621889,
    0.010984251741319895,
    0.013647866202518344,
    0.027836277149617672,
    0.012412848261495432,
    0.015769960890923227,
    0.018831469118595123,
    0.012181752361357212,
    0.06260395217686891,
    0.015584157314151525,
    0.010182518977671862,
    0.012046006973832846,
    0.014915434643626213,
    0.010659146588295698,
    0.02117093140259385,
    0.020533757284283638,
    0.018721175690491993,
    0.012030476704239845,
    0.07829058254137636,
    0.016528136496032988,
    0.012460182420909405,
    0.01527792913839221,
    0.020836463198065758
  ],
  "realized": [
    0.008623123168945312,
    0.0031223297119140625,
    0.001911163330078125,
    -0.0045623779296875,
    0.0019207000732421875,
    0.0032482147216796875,
    0.0057888031005859375,
    0.000782012939453125,
    -0.002872467041015625,
    -0.005764007568359375,
    -0.0023517608642578125,
    -0.0015468597412109375,
    0.002971649169921875,
    -0.000614166259765625,
    0.0023250579833984375,
    -0.0031375885009765625,
    -0.0001544952392578125,
    -0.0009441375732421875,
    0.000152587890625,
    0.0012359619140625,
    -0.002796173095703125,
    -0.002132415771484375,
    -0.0058650970458984375,
    0.00030517578125,
    0.0056896209716796875,
    -0.0009098052978515625,
    -3.0517578125e-05,
    0.00018310546875,
    0.0008754730224609375,
    0.0016937255859375,
    -0.00164794921875,
    -0.0005035400390625,
    0.0017414093017578125,
    -0.002628326416015625,
    0.0033969879150390625,
    -0.00238037109375,
    -0.000316619873046875,
    -0.000446319580078125,
    -0.0017242431640625,
    -0.00089263916015625,
    -0.0073757171630859375,
    -0.0017147064208984375,
    -0.0001316070556640625,
    -0.0004024505615234375,
    -0.000637054443359375,
    0.002593994140625,
    -0.001232147216796875,
    -0.0012149810791015625,
    0.0130157470703125,
    0.0011386871337890625
  ]
}